{"cameraMode":{"drawMode":0,"name":"Shaded","section":"Shading Mode"},"sceneLighting":true,"audioPlay":false,"sceneViewState":{"m_AlwaysRefresh":false,"showFog":true,"showSkybox":true,"showFlares":true,"showImageEffects":true,"showParticleSystems":true,"showVisualEffectGraphs":true,"m_FxEnabled":true},"in2DMode":false,"pivot":{"x":-0.11537272483110428,"y":-1.1779584884643555,"z":3.827327013015747},"rotation":{"x":0.3246074318885803,"y":-0.011049479246139527,"z":0.003815440461039543,"w":0.9458082914352417},"size":4.177922248840332,"orthographic":false}