{"cameraMode":{"drawMode":0,"name":"Shaded","section":"Shading Mode"},"sceneLighting":true,"audioPlay":false,"sceneViewState":{"m_AlwaysRefresh":false,"showFog":true,"showSkybox":true,"showFlares":true,"showImageEffects":true,"showParticleSystems":true,"showVisualEffectGraphs":true,"m_FxEnabled":true},"in2DMode":false,"pivot":{"x":-0.011084720492362976,"y":0.8311289548873901,"z":1.6363149881362916},"rotation":{"x":0.15921296179294587,"y":-0.8088400363922119,"z":0.25474104285240176,"w":0.5055350661277771},"size":1.6102176904678345,"orthographic":false}